keyword,category
best neighborhoods to stay in Seoul for first timers,travel
Korean spa and jjimjilbang guide for foreigners,living
how to buy K-pop merchandise in Korea,k-culture
must try Korean breakfast foods,k-food
Busan one day itinerary for tourists,travel
Korean age system explained for foreigners,living
best K-drama filming locations to visit in Seoul,k-culture
top Korean fried chicken restaurants in Seoul,k-food
Jeju Island travel guide for first timers,travel
how to open a bank account in Korea as a foreigner,living
best K-pop idol cafes in Seoul,k-culture
Korean street food you must try in Busan,k-food
DMZ tour from Seoul complete guide,travel
Korean mobile payment apps guide for tourists,living
best places to watch K-pop performances in Seoul,k-culture
traditional Korean desserts you need to try,k-food
Gyeongbokgung Palace complete visitor guide,travel
how to get a SIM card in Korea as a foreigner,living
Korean beauty skincare routine for beginners,k-culture
best Korean ramen spots in Seoul,k-food
Incheon Airport transit guide layover tips,travel
Korean etiquette rules tourists should know,living
BTS and Bangtan spots to visit in Seoul,k-culture
best Korean bbq restaurants in Hongdae,k-food
Nami Island day trip guide from Seoul,travel
how to use Korean public bathrooms,living
best K-drama actors currently popular in Korea,k-culture
hidden gem restaurants locals eat at in Seoul,k-food
best Korean mukbang foods to try at home,k-food
how to use Naver Maps in English for tourists,living
aespa NewJeans concert guide Seoul 2026,k-culture
best Korean cold noodles naengmyeon restaurants Seoul,k-food
Sokcho travel guide east coast Korea,travel
how to find a short term apartment in Seoul,living
best K-pop reality shows to watch on YouTube,k-culture
Korean army stew budae jjigae history and where to eat,k-food
Suwon Hwaseong Fortress day trip from Seoul,travel
Korean healthcare guide for foreign residents,living
best fan sites to follow K-pop news in English,k-culture
top Korean vegan and vegetarian restaurants Seoul,k-food
Andong travel guide traditional Korean culture,travel
how to ship packages internationally from Korea,living
K-pop idol fashion trends how to dress like your bias,k-culture
best Korean soups for winter haejang guk guide,k-food
Tongyeong travel guide southern coast Korea,travel
how to get Korean driver license as foreigner,living
best Korean webtoons available in English,k-culture
Korean chicken and beer chimaek culture guide,k-food
Jeonju hanok village travel guide food and culture,travel
how to find English speaking doctors in Seoul,living
best K-pop entertainment company tours in Seoul,k-culture
Korean tteok rice cake desserts complete guide,k-food
Gyeongju cherry blossom spring travel guide,travel
Korean language basics phrases every tourist needs,living
best Korean variety shows on Netflix for beginners,k-culture
Korean seafood guide haemul pajeon and more,k-food
